{
  "project_info": {
    "project_number": "520169926628",
    "project_id": "hd-wallpaper-5b64c",
    "storage_bucket": "hd-wallpaper-5b64c.appspot.com"
  },
  "client": [
    {
      "client_info": {
        "mobilesdk_app_id": "1:520169926628:android:0288f9cd8de2f35eff21f1",
        "android_client_info": {
          "package_name": "com.hd.wallpaper"
        }
      },
      "oauth_client": [
        {
          "client_id": "520169926628-d6ejlmber33i38ssh76035e5pr3pfuob.apps.googleusercontent.com",
          "client_type": 3
        }
      ],
      "api_key": [
        {
          "current_key": "AIzaSyDzDukI77riA2fXy6FrFN1jKVWYlUNlD_Q"
        }
      ],
      "services": {
        "appinvite_service": {
          "other_platform_oauth_client": [
            {
              "client_id": "520169926628-d6ejlmber33i38ssh76035e5pr3pfuob.apps.googleusercontent.com",
              "client_type": 3
            }
          ]
        }
      }
    }
  ],
  "configuration_version": "1"
}